Code,Country Name,Country
AF,AFGHANISTAN,Afghanistan
AX,ÅLAND ISLANDS,Åland Islands
AL,ALBANIA,Albania
DZ,ALGERIA,Algeria
AS,AMERICAN SAMOA,American Samoa
AD,ANDORRA,Andorra
AO,ANGOLA,Angola
AI,ANGUILLA,Anguilla
AQ,ANTARCTICA,Antarctica
AG,ANTIGUA AND BARBUDA,Antigua And Barbuda
AR,ARGENTINA,Argentina
AM,ARMENIA,Armenia
AW,ARUBA,Aruba
AU,AUSTRALIA,Australia
AT,AUSTRIA,Austria
AZ,AZERBAIJAN,Azerbaijan
BS,BAHAMAS,Bahamas
BH,BAHRAIN,Bahrain
BD,BANGLADESH,Bangladesh
BB,BARBADOS,Barbados
BY,BELARUS,Belarus
BE,BELGIUM,Belgium
BZ,BELIZE,Belize
BJ,BENIN,Benin
BM,BERMUDA,Bermuda
BT,BHUTAN,Bhutan
BO,"BOLIVIA, PLURINATIONAL STATE OF","Bolivia, Plurinational State Of"
BQ,"BONAIRE, SINT EUSTATIUS AND SABA","Bonaire, Sint Eustatius And Saba"
BA,BOSNIA AND HERZEGOVINA,Bosnia And Herzegovina
BW,BOTSWANA,Botswana
BV,BOUVET ISLAND,Bouvet Island
BR,BRAZIL,Brazil
IO,BRITISH INDIAN OCEAN TERRITORY,British Indian Ocean Territory
BN,BRUNEI DARUSSALAM,Brunei Darussalam
BG,BULGARIA,Bulgaria
BF,BURKINA FASO,Burkina Faso
BI,BURUNDI,Burundi
KH,CAMBODIA,Cambodia
CM,CAMEROON,Cameroon
CA,CANADA,Canada
CV,CAPE VERDE,Cape Verde
KY,CAYMAN ISLANDS,Cayman Islands
CF,CENTRAL AFRICAN REPUBLIC,Central African Republic
TD,CHAD,Chad
CL,CHILE,Chile
CN,CHINA,China
CX,CHRISTMAS ISLAND,Christmas Island
CC,COCOS (KEELING) ISLANDS,Cocos (Keeling) Islands
CO,COLOMBIA,Colombia
KM,COMOROS,Comoros
CG,CONGO,Congo
CD,"CONGO, THE DEMOCRATIC REPUBLIC OF THE","Congo, The Democratic Republic Of The"
CK,COOK ISLANDS,Cook Islands
CR,COSTA RICA,Costa Rica
CI,CÔTE D'IVOIRE,Côte D'Ivoire
HR,CROATIA,Croatia
CU,CUBA,Cuba
CW,CURAÇAO,Curaçao
CY,CYPRUS,Cyprus
CZ,CZECH REPUBLIC,Czech Republic
DK,DENMARK,Denmark
DJ,DJIBOUTI,Djibouti
DM,DOMINICA,Dominica
DO,DOMINICAN REPUBLIC,Dominican Republic
EC,ECUADOR,Ecuador
EG,EGYPT,Egypt
SV,EL SALVADOR,El Salvador
GQ,EQUATORIAL GUINEA,Equatorial Guinea
ER,ERITREA,Eritrea
EE,ESTONIA,Estonia
ET,ETHIOPIA,Ethiopia
FK,FALKLAND ISLANDS (MALVINAS),Falkland Islands (Malvinas)
FO,FAROE ISLANDS,Faroe Islands
FJ,FIJI,Fiji
FI,FINLAND,Finland
FR,FRANCE,France
GF,FRENCH GUIANA,French Guiana
PF,FRENCH POLYNESIA,French Polynesia
TF,FRENCH SOUTHERN TERRITORIES,French Southern Territories
GA,GABON,Gabon
GM,GAMBIA,Gambia
GE,GEORGIA,Georgia
DE,GERMANY,Germany
GH,GHANA,Ghana
GI,GIBRALTAR,Gibraltar
GR,GREECE,Greece
GL,GREENLAND,Greenland
GD,GRENADA,Grenada
GP,GUADELOUPE,Guadeloupe
GU,GUAM,Guam
GT,GUATEMALA,Guatemala
GG,GUERNSEY,Guernsey
GN,GUINEA,Guinea
GW,GUINEA-BISSAU,Guinea-Bissau
GY,GUYANA,Guyana
HT,HAITI,Haiti
HM,HEARD ISLAND AND MCDONALD ISLANDS,Heard Island And Mcdonald Islands
VA,HOLY SEE (VATICAN CITY STATE),Holy See (Vatican City State)
HN,HONDURAS,Honduras
HK,HONG KONG,Hong Kong
HU,HUNGARY,Hungary
IS,ICELAND,Iceland
IN,INDIA,India
ID,INDONESIA,Indonesia
IR,"IRAN, ISLAMIC REPUBLIC OF","Iran, Islamic Republic Of"
IQ,IRAQ,Iraq
IE,IRELAND,Ireland
IM,ISLE OF MAN,Isle Of Man
IL,ISRAEL,Israel
IT,ITALY,Italy
JM,JAMAICA,Jamaica
JP,JAPAN,Japan
JE,JERSEY,Jersey
JO,JORDAN,Jordan
KZ,KAZAKHSTAN,Kazakhstan
KE,KENYA,Kenya
KI,KIRIBATI,Kiribati
KP,"KOREA, DEMOCRATIC PEOPLE'S REPUBLIC OF","Korea, Democratic People'S Republic Of"
KR,"KOREA, REPUBLIC OF","Korea, Republic Of"
KW,KUWAIT,Kuwait
KG,KYRGYZSTAN,Kyrgyzstan
LA,LAO PEOPLE'S DEMOCRATIC REPUBLIC,Lao People'S Democratic Republic
LV,LATVIA,Latvia
LB,LEBANON,Lebanon
LS,LESOTHO,Lesotho
LR,LIBERIA,Liberia
LY,LIBYA,Libya
LI,LIECHTENSTEIN,Liechtenstein
LT,LITHUANIA,Lithuania
LU,LUXEMBOURG,Luxembourg
MO,MACAO,Macao
MK,"MACEDONIA, THE FORMER YUGOSLAV REPUBLIC OF","Macedonia, The Former Yugoslav Republic Of"
MG,MADAGASCAR,Madagascar
MW,MALAWI,Malawi
MY,MALAYSIA,Malaysia
MV,MALDIVES,Maldives
ML,MALI,Mali
MT,MALTA,Malta
MH,MARSHALL ISLANDS,Marshall Islands
MQ,MARTINIQUE,Martinique
MR,MAURITANIA,Mauritania
MU,MAURITIUS,Mauritius
YT,MAYOTTE,Mayotte
MX,MEXICO,Mexico
FM,"MICRONESIA, FEDERATED STATES OF","Micronesia, Federated States Of"
MD,"MOLDOVA, REPUBLIC OF","Moldova, Republic Of"
MC,MONACO,Monaco
MN,MONGOLIA,Mongolia
ME,MONTENEGRO,Montenegro
MS,MONTSERRAT,Montserrat
MA,MOROCCO,Morocco
MZ,MOZAMBIQUE,Mozambique
MM,MYANMAR,Myanmar
NA,NAMIBIA,Namibia
NR,NAURU,Nauru
NP,NEPAL,Nepal
NL,NETHERLANDS,Netherlands
NC,NEW CALEDONIA,New Caledonia
NZ,NEW ZEALAND,New Zealand
NI,NICARAGUA,Nicaragua
NE,NIGER,Niger
NG,NIGERIA,Nigeria
NU,NIUE,Niue
NF,NORFOLK ISLAND,Norfolk Island
MP,NORTHERN MARIANA ISLANDS,Northern Mariana Islands
NO,NORWAY,Norway
OM,OMAN,Oman
PK,PAKISTAN,Pakistan
PW,PALAU,Palau
PS,"PALESTINE, STATE OF","Palestine, State Of"
PA,PANAMA,Panama
PG,PAPUA NEW GUINEA,Papua New Guinea
PY,PARAGUAY,Paraguay
PE,PERU,Peru
PH,PHILIPPINES,Philippines
PN,PITCAIRN,Pitcairn
PL,POLAND,Poland
PT,PORTUGAL,Portugal
PR,PUERTO RICO,Puerto Rico
QA,QATAR,Qatar
RE,RÉUNION,Réunion
RO,ROMANIA,Romania
RU,RUSSIAN FEDERATION,Russian Federation
RW,RWANDA,Rwanda
BL,SAINT BARTHÉLEMY,Saint Barthélemy
SH,"SAINT HELENA, ASCENSION AND TRISTAN DA CUNHA","Saint Helena, Ascension And Tristan Da Cunha"
KN,SAINT KITTS AND NEVIS,Saint Kitts And Nevis
LC,SAINT LUCIA,Saint Lucia
MF,SAINT MARTIN (FRENCH PART),Saint Martin (French Part)
PM,SAINT PIERRE AND MIQUELON,Saint Pierre And Miquelon
VC,SAINT VINCENT AND THE GRENADINES,Saint Vincent And The Grenadines
WS,SAMOA,Samoa
SM,SAN MARINO,San Marino
ST,SAO TOME AND PRINCIPE,Sao Tome And Principe
SA,SAUDI ARABIA,Saudi Arabia
SN,SENEGAL,Senegal
RS,SERBIA,Serbia
SC,SEYCHELLES,Seychelles
SL,SIERRA LEONE,Sierra Leone
SG,SINGAPORE,Singapore
SX,SINT MAARTEN (DUTCH PART),Sint Maarten (Dutch Part)
SK,SLOVAKIA,Slovakia
SI,SLOVENIA,Slovenia
SB,SOLOMON ISLANDS,Solomon Islands
SO,SOMALIA,Somalia
ZA,SOUTH AFRICA,South Africa
GS,SOUTH GEORGIA AND THE SOUTH SANDWICH ISLANDS,South Georgia And The South Sandwich Islands
SS,SOUTH SUDAN,South Sudan
ES,SPAIN,Spain
LK,SRI LANKA,Sri Lanka
SD,SUDAN,Sudan
SR,SURINAME,Suriname
SJ,SVALBARD AND JAN MAYEN,Svalbard And Jan Mayen
SZ,SWAZILAND,Swaziland
SE,SWEDEN,Sweden
CH,SWITZERLAND,Switzerland
SY,SYRIAN ARAB REPUBLIC,Syrian Arab Republic
TW,"TAIWAN, PROVINCE OF CHINA","Taiwan, Province Of China"
TJ,TAJIKISTAN,Tajikistan
TZ,"TANZANIA, UNITED REPUBLIC OF","Tanzania, United Republic Of"
TH,THAILAND,Thailand
TL,TIMOR-LESTE,Timor-Leste
TG,TOGO,Togo
TK,TOKELAU,Tokelau
TO,TONGA,Tonga
TT,TRINIDAD AND TOBAGO,Trinidad And Tobago
TN,TUNISIA,Tunisia
TR,TURKEY,Turkey
TM,TURKMENISTAN,Turkmenistan
TC,TURKS AND CAICOS ISLANDS,Turks And Caicos Islands
TV,TUVALU,Tuvalu
UG,UGANDA,Uganda
UA,UKRAINE,Ukraine
AE,UNITED ARAB EMIRATES,United Arab Emirates
GB,UNITED KINGDOM,United Kingdom
US,UNITED STATES,United States
UM,UNITED STATES MINOR OUTLYING ISLANDS,United States Minor Outlying Islands
UY,URUGUAY,Uruguay
UZ,UZBEKISTAN,Uzbekistan
VU,VANUATU,Vanuatu
VE,"VENEZUELA, BOLIVARIAN REPUBLIC OF","Venezuela, Bolivarian Republic Of"
VN,VIET NAM,Viet Nam
VG,"VIRGIN ISLANDS, BRITISH","Virgin Islands, British"
VI,"VIRGIN ISLANDS, U.S.","Virgin Islands, U.S."
WF,WALLIS AND FUTUNA,Wallis And Futuna
EH,WESTERN SAHARA,Western Sahara
YE,YEMEN,Yemen
ZM,ZAMBIA,Zambia
ZW,ZIMBABWE,Zimbabwe
